<?xml version="1.0" encoding="utf-8" ?>
<dwsync>
<file name="connect.php" server="C:/wamp/www/socaialNetwork/" local="130484267725668403" remote="130484267720000000" Dst="2" />
<file name="funcs.php" server="C:/wamp/www/socaialNetwork/" local="130514599129396184" remote="130514599120000000" Dst="2" />
<file name="date.php" server="C:/wamp/www/socaialNetwork/" local="130212415218261116" remote="130212415210000000" Dst="2" />
<file name="Captcha.php" server="C:/wamp/www/socaialNetwork/" local="130487717540711917" remote="130487717540000000" Dst="2" />
<file name="payfunc.php" server="C:/wamp/www/socaialNetwork/" local="130504422085302192" remote="130504422080000000" Dst="2" />
<file name="connect.php" server="D:/xampp/htdocs/socialnetwork/" local="132495525664903765" remote="132495525660000000" Dst="0" />
<file name="funcs.php" server="D:/xampp/htdocs/socialnetwork/" local="130514635129396184" remote="130514635120000000" Dst="0" />
<file name="date.php" server="D:/xampp/htdocs/socialnetwork/" local="130212451218261116" remote="130212451210000000" Dst="0" />
<file name="captcha.php" server="D:/xampp/htdocs/socialnetwork/" local="130487753540711917" remote="130487753540000000" Dst="0" />
</dwsync>