<?xml version="1.0" encoding="utf-8" ?>
<dwsync>
<file name="index.php" server="C:/wamp/www/socaialNetwork/" local="130490471092964786" remote="130490471090000000" Dst="2" />
<file name="sidebar.php" server="C:/wamp/www/socaialNetwork/" local="130512823643068873" remote="130512823640000000" Dst="2" />
<file name="userpart.php" server="C:/wamp/www/socaialNetwork/" local="130490471750582400" remote="130490471750000000" Dst="2" />
<file name="logo.php" server="C:/wamp/www/socaialNetwork/" local="130487754079891838" remote="130487754070000000" Dst="2" />
<file name="css.php" server="C:/wamp/www/socaialNetwork/" local="130488526079058286" remote="130488526070000000" Dst="2" />
<file name="js.php" server="C:/wamp/www/socaialNetwork/" local="130488720530977683" remote="130488720530000000" Dst="2" />
<file name="css2.php" server="C:/wamp/www/socaialNetwork/" local="130488525739808882" remote="130488525730000000" Dst="2" />
<file name="check.php" server="C:/wamp/www/socaialNetwork/" local="130497303152168265" remote="130497303150000000" Dst="2" />
<file name="js2.php" server="C:/wamp/www/socaialNetwork/" local="130497302678621180" remote="130497302670000000" Dst="2" />
<file name="check2.php" server="C:/wamp/www/socaialNetwork/" local="130512835576041400" remote="130512835570000000" Dst="2" />
<file name="sidebar2.php" server="C:/wamp/www/socaialNetwork/" local="130512682828174722" remote="130512682820000000" Dst="2" />
</dwsync>