<?xml version="1.0" encoding="utf-8" ?>
<dwsync>
<file name="arrow-up.png" server="C:/wamp/www/socaialNetwork/" local="130268943411489682" remote="130268943410000000" Dst="2" />
<file name="search-icon.jpg" server="C:/wamp/www/socaialNetwork/" local="130268943423980396" remote="130268943420000000" Dst="2" />
<file name="chart-texture.jpg" server="C:/wamp/www/socaialNetwork/" local="130268943411139662" remote="130268943410000000" Dst="2" />
<file name="left-arrow.png" server="C:/wamp/www/socaialNetwork/" local="130268943417340017" remote="130268943410000000" Dst="2" />
<file name="right-arrow.png" server="C:/wamp/www/socaialNetwork/" local="130268943423800386" remote="130268943420000000" Dst="2" />
<file name="404_icon.png" server="C:/wamp/www/socaialNetwork/" local="130268943404229267" remote="130268943400000000" Dst="2" />
<file name="500_icon.png" server="C:/wamp/www/socaialNetwork/" local="130268943413849817" remote="130268943410000000" Dst="2" />
<file name="mask.png" server="C:/wamp/www/socaialNetwork/" local="130268943422320301" remote="130268943420000000" Dst="2" />
<file name="customSelect-arrow.gif" server="C:/wamp/www/socaialNetwork/" local="130268943414769870" remote="130268943410000000" Dst="2" />
<file name="favicon.html" server="C:/wamp/www/socaialNetwork/" local="130268944136301139" remote="130268944130000000" Dst="2" />
<file name="avatar-mini.jpg" server="C:/wamp/www/socaialNetwork/" local="130268943243740087" remote="130268943240000000" Dst="2" />
<file name="avatar-mini2.jpg" server="C:/wamp/www/socaialNetwork/" local="130268943251780547" remote="130268943250000000" Dst="2" />
<file name="avatar-mini3.jpg" server="C:/wamp/www/socaialNetwork/" local="130268943252070564" remote="130268943250000000" Dst="2" />
<file name="avatar-mini4.jpg" server="C:/wamp/www/socaialNetwork/" local="130268943248230344" remote="130268943240000000" Dst="2" />
<file name="avatar1_small.jpg" server="C:/wamp/www/socaialNetwork/" local="130268943241549962" remote="130268943240000000" Dst="2" />
<file name="profile-avatar.jpg" server="C:/wamp/www/socaialNetwork/" local="130268943539316993" remote="130268943530000000" Dst="2" />
<file name="product1.jpg" server="C:/wamp/www/socaialNetwork/" local="130268943556497976" remote="130268943550000000" Dst="2" />
<file name="product2.png" server="C:/wamp/www/socaialNetwork/" local="130268943558798108" remote="130268943550000000" Dst="2" />
<file name="product3.png" server="C:/wamp/www/socaialNetwork/" local="130268943567138585" remote="130268943560000000" Dst="2" />
<file name="chat-avatar.jpg" server="C:/wamp/www/socaialNetwork/" local="130268943550157613" remote="130268943550000000" Dst="2" />
<file name="chat-avatar2.jpg" server="C:/wamp/www/socaialNetwork/" local="130268943552247733" remote="130268943550000000" Dst="2" />
<file name="avatar1.jpg" server="C:/wamp/www/socaialNetwork/" local="130268943233689512" remote="130268943230000000" Dst="2" />
<file name="sm-img-1.jpg" server="C:/wamp/www/socaialNetwork/" local="130268943256470815" remote="130268943250000000" Dst="2" />
<file name="sm-img-2.jpg" server="C:/wamp/www/socaialNetwork/" local="130268943258410926" remote="130268943250000000" Dst="2" />
<file name="sm-img-3.jpg" server="C:/wamp/www/socaialNetwork/" local="130268943257670884" remote="130268943250000000" Dst="2" />
<file name="ring.jpg" server="C:/wamp/www/socaialNetwork/" local="130268943255550763" remote="130268943250000000" Dst="2" />
<file name="follower-avatar.jpg" server="C:/wamp/www/socaialNetwork/" local="130268943249120395" remote="130268943240000000" Dst="2" />
<file name="20Script.ir.url" server="C:/wamp/www/socaialNetwork/" local="130256694785770810" remote="130256694780000000" Dst="2" />
<file name="Descr.WD3" server="C:/wamp/www/socaialNetwork/" local="130268944026684869" remote="130268944020000000" Dst="2" />
<file name="mail-avatar.jpg" server="C:/wamp/www/socaialNetwork/" local="130268943497164582" remote="130268943490000000" Dst="2" />
<file name="pro-ac-1.png" server="C:/wamp/www/socaialNetwork/" local="130268944022234615" remote="130268944020000000" Dst="2" />
<file name="pro-ac-2.png" server="C:/wamp/www/socaialNetwork/" local="130268944026664868" remote="130268944020000000" Dst="2" />
<file name="readme.txt" server="C:/wamp/www/socaialNetwork/" local="130256448152198230" remote="130256448150000000" Dst="2" />
<file name="vector-lab.jpg" server="C:/wamp/www/socaialNetwork/" local="130268943443261499" remote="130268943440000000" Dst="2" />
<file name="Untitled.png" server="C:/wamp/www/socaialNetwork/" local="130219069341952409" remote="130219069340000000" Dst="2" />
<file name="cancel.ico" server="C:/wamp/www/socaialNetwork/" local="128279571700000000" remote="128279571700000000" Dst="2" />
<file name="ok.ico" server="C:/wamp/www/socaialNetwork/" local="128279571460000000" remote="128279571460000000" Dst="2" />
<file name="b_drop.png" server="C:/wamp/www/socaialNetwork/" local="130490340108561088" remote="130490340100000000" Dst="2" />
<file name="b_edit.png" server="C:/wamp/www/socaialNetwork/" local="130490340003065054" remote="130490340000000000" Dst="2" />
<file name="arrow-up.png" server="D:/xampp/htdocs/socialnetwork/" local="130268979411489682" remote="130268979410000000" Dst="0" />
<file name="search-icon.jpg" server="D:/xampp/htdocs/socialnetwork/" local="130268979423980396" remote="130268979420000000" Dst="0" />
<file name="chart-texture.jpg" server="D:/xampp/htdocs/socialnetwork/" local="130268979411139662" remote="130268979410000000" Dst="0" />
<file name="left-arrow.png" server="D:/xampp/htdocs/socialnetwork/" local="130268979417340017" remote="130268979410000000" Dst="0" />
<file name="right-arrow.png" server="D:/xampp/htdocs/socialnetwork/" local="130268979423800386" remote="130268979420000000" Dst="0" />
<file name="404_icon.png" server="D:/xampp/htdocs/socialnetwork/" local="130268979404229267" remote="130268979400000000" Dst="0" />
<file name="500_icon.png" server="D:/xampp/htdocs/socialnetwork/" local="130268979413849817" remote="130268979410000000" Dst="0" />
<file name="mask.png" server="D:/xampp/htdocs/socialnetwork/" local="130268979422320301" remote="130268979420000000" Dst="0" />
<file name="customSelect-arrow.gif" server="D:/xampp/htdocs/socialnetwork/" local="130268979414769870" remote="130268979410000000" Dst="0" />
<file name="favicon.html" server="D:/xampp/htdocs/socialnetwork/" local="130268980136301139" remote="130268980130000000" Dst="0" />
</dwsync>