<?xml version="1.0" encoding="utf-8" ?>
<dwsync>
<file name="bootstrap.min.css" server="C:/wamp/www/socaialNetwork/" local="130488543655513602" remote="130488543650000000" Dst="2" />
<file name="bootstrap-reset.css" server="C:/wamp/www/socaialNetwork/" local="130266039390000000" remote="130266039390000000" Dst="2" />
<file name="style.css" server="C:/wamp/www/socaialNetwork/" local="130270225280570884" remote="130270225280000000" Dst="2" />
<file name="style-responsive.css" server="C:/wamp/www/socaialNetwork/" local="130266902000000000" remote="130266902000000000" Dst="2" />
<file name="owl.carousel.css" server="C:/wamp/www/socaialNetwork/" local="130231993940000000" remote="130231993940000000" Dst="2" />
<file name="1.css" server="C:/wamp/www/socaialNetwork/" local="130483267884954174" remote="130483267880000000" Dst="2" />
<file name="2.css" server="C:/wamp/www/socaialNetwork/" local="130483269145726286" remote="130483269140000000" Dst="2" />
<file name="3.css" server="C:/wamp/www/socaialNetwork/" local="130483269672826434" remote="130483269670000000" Dst="2" />
<file name="4.css" server="C:/wamp/www/socaialNetwork/" local="130483270309762865" remote="130483270300000000" Dst="2" />
<file name="bootstrap.min.css" server="D:/xampp/htdocs/socialnetwork/" local="130488579655513602" remote="130488579650000000" Dst="0" />
<file name="bootstrap-reset.css" server="D:/xampp/htdocs/socialnetwork/" local="130266075390000000" remote="130266075390000000" Dst="0" />
<file name="style.css" server="D:/xampp/htdocs/socialnetwork/" local="130270261280570884" remote="130270261280000000" Dst="0" />
<file name="style-responsive.css" server="D:/xampp/htdocs/socialnetwork/" local="130266938000000000" remote="130266938000000000" Dst="0" />
<file name="1.css" server="D:/xampp/htdocs/socialnetwork/" local="130483303884954174" remote="130483303880000000" Dst="0" />
<file name="2.css" server="D:/xampp/htdocs/socialnetwork/" local="130483305145726286" remote="130483305140000000" Dst="0" />
<file name="3.css" server="D:/xampp/htdocs/socialnetwork/" local="130483305672826434" remote="130483305670000000" Dst="0" />
<file name="4.css" server="D:/xampp/htdocs/socialnetwork/" local="130483306309762865" remote="130483306300000000" Dst="0" />
</dwsync>