<?xml version="1.0" encoding="utf-8" ?>
<dwsync>
<file name="logo.php" server="C:/wamp/www/socaialNetwork/" local="130497292160509578" remote="130497292160000000" Dst="2" />
<file name="userpart.php" server="C:/wamp/www/socaialNetwork/" local="130490334620107166" remote="130490334620000000" Dst="2" />
<file name="sidebar.php" server="C:/wamp/www/socaialNetwork/" local="130514507410000000" remote="130514507410000000" Dst="2" />
<file name="js.php" server="C:/wamp/www/socaialNetwork/" local="130487757320157171" remote="130487757320000000" Dst="2" />
<file name="css.php" server="C:/wamp/www/socaialNetwork/" local="130487757320067166" remote="130487757320000000" Dst="2" />
<file name="index.php" server="C:/wamp/www/socaialNetwork/" local="130487763010000000" remote="130487763010000000" Dst="2" />
<file name="check.php" server="C:/wamp/www/socaialNetwork/" local="130497285773864283" remote="130497285770000000" Dst="2" />
<file name="check2.php" server="C:/wamp/www/socaialNetwork/" local="130497247303073880" remote="130497247300000000" Dst="2" />
<file name="css2.php" server="C:/wamp/www/socaialNetwork/" local="130497220279778236" remote="130497220270000000" Dst="2" />
<file name="js2.php" server="C:/wamp/www/socaialNetwork/" local="130497220789247376" remote="130497220780000000" Dst="2" />
<file name="sidebar2.php" server="C:/wamp/www/socaialNetwork/" local="130514507336831114" remote="130514507330000000" Dst="2" />
<file name="userpart2.php" server="C:/wamp/www/socaialNetwork/" local="130497224725082493" remote="130497224720000000" Dst="2" />
</dwsync>