<?xml version="1.0" encoding="utf-8" ?>
<dwsync>
<file name="jquery.js" server="C:/wamp/www/socaialNetwork/" local="130213829000000000" remote="130213829000000000" Dst="2" />
<file name="bootstrap.min.js" server="C:/wamp/www/socaialNetwork/" local="130213829000000000" remote="130213829000000000" Dst="2" />
<file name="jquery.scrollTo.min.js" server="C:/wamp/www/socaialNetwork/" local="130140465700000000" remote="130140465700000000" Dst="2" />
<file name="jquery.nicescroll.js" server="C:/wamp/www/socaialNetwork/" local="130193293880000000" remote="130193293880000000" Dst="2" />
<file name="common-scripts.js" server="C:/wamp/www/socaialNetwork/" local="130259062700000000" remote="130259062700000000" Dst="2" />
<file name="jquery-1.8.3.min.js" server="C:/wamp/www/socaialNetwork/" local="130041151140000000" remote="130041151140000000" Dst="2" />
<file name="jquery.sparkline.js" server="C:/wamp/www/socaialNetwork/" local="130251282580000000" remote="130251282580000000" Dst="2" />
<file name="owl.carousel.js" server="C:/wamp/www/socaialNetwork/" local="130230289720000000" remote="130230289720000000" Dst="2" />
<file name="jquery.customSelect.min.js" server="C:/wamp/www/socaialNetwork/" local="130198365700000000" remote="130198365700000000" Dst="2" />
<file name="sparkline-chart.js" server="C:/wamp/www/socaialNetwork/" local="130252067420000000" remote="130252067420000000" Dst="2" />
<file name="easy-pie-chart.js" server="C:/wamp/www/socaialNetwork/" local="130231473020000000" remote="130231473020000000" Dst="2" />
<file name="all-chartjs.js" server="C:/wamp/www/socaialNetwork/" local="130237226580000000" remote="130237226580000000" Dst="2" />
<file name="bootstrap-switch.js" server="C:/wamp/www/socaialNetwork/" local="130221250240000000" remote="130221250240000000" Dst="2" />
<file name="dynamic-table.js" server="C:/wamp/www/socaialNetwork/" local="130236324300000000" remote="130236324300000000" Dst="2" />
<file name="external-dragging-calendar.js" server="C:/wamp/www/socaialNetwork/" local="130236356840000000" remote="130236356840000000" Dst="2" />
<file name="form-component.js" server="C:/wamp/www/socaialNetwork/" local="130244006780000000" remote="130244006780000000" Dst="2" />
<file name="form-validation-script.js" server="C:/wamp/www/socaialNetwork/" local="130199963080000000" remote="130199963080000000" Dst="2" />
<file name="ga.js" server="C:/wamp/www/socaialNetwork/" local="130063393500000000" remote="130063393500000000" Dst="2" />
<file name="gritter.js" server="C:/wamp/www/socaialNetwork/" local="130237587300000000" remote="130237587300000000" Dst="2" />
<file name="jquery-ui-1.9.2.custom.min.js" server="C:/wamp/www/socaialNetwork/" local="129987724960000000" remote="129987724960000000" Dst="2" />
<file name="jquery.stepy.js" server="C:/wamp/www/socaialNetwork/" local="130244101480000000" remote="130244101480000000" Dst="2" />
<file name="jquery.tagsinput.js" server="C:/wamp/www/socaialNetwork/" local="130221250240000000" remote="130221250240000000" Dst="2" />
<file name="jquery.validate.min.js" server="C:/wamp/www/socaialNetwork/" local="130084266160000000" remote="130084266160000000" Dst="2" />
<file name="morris-script.js" server="C:/wamp/www/socaialNetwork/" local="130266035790000000" remote="130266035790000000" Dst="2" />
<file name="sliders.js" server="C:/wamp/www/socaialNetwork/" local="130175778360000000" remote="130175778360000000" Dst="2" />
<file name="ajax.js" server="C:/wamp/www/socaialNetwork/" local="130497299610645702" remote="130497299610000000" Dst="2" />
<file name="jquery-ui.js" server="C:/wamp/www/socaialNetwork/" local="130514107060000000" remote="130514107060000000" Dst="2" />
<file name="jquery.js" server="D:/xampp/htdocs/socialnetwork/" local="130213865000000000" remote="130213865000000000" Dst="0" />
</dwsync>