<?xml version="1.0" encoding="utf-8" ?>
<dwsync>
<file name="radio-off.png" server="C:/wamp/www/socaialNetwork/" local="130268943413639805" remote="130268943410000000" Dst="2" />
<file name="check-off.png" server="C:/wamp/www/socaialNetwork/" local="130268943411259669" remote="130268943410000000" Dst="2" />
<file name="check-on.png" server="C:/wamp/www/socaialNetwork/" local="130268943412659749" remote="130268943410000000" Dst="2" />
<file name="radio-on.png" server="C:/wamp/www/socaialNetwork/" local="130268943415559915" remote="130268943410000000" Dst="2" />
<file name="Descr.WD3" server="C:/wamp/www/socaialNetwork/" local="130268943415539914" remote="130268943410000000" Dst="2" />
<file name="radio-off.png" server="D:/xampp/htdocs/socialnetwork/" local="130268979413639805" remote="130268979410000000" Dst="0" />
<file name="check-off.png" server="D:/xampp/htdocs/socialnetwork/" local="130268979411259669" remote="130268979410000000" Dst="0" />
<file name="check-on.png" server="D:/xampp/htdocs/socialnetwork/" local="130268979412659749" remote="130268979410000000" Dst="0" />
<file name="radio-on.png" server="D:/xampp/htdocs/socialnetwork/" local="130268979415559915" remote="130268979410000000" Dst="0" />
</dwsync>