<?xml version="1.0" encoding="utf-8" ?>
<dwsync>
<file name="widget.html" server="C:/wamp/www/socaialNetwork/" local="130264926820000000" remote="130264926820000000" Dst="2" />
<file name="basic_table.html" server="C:/wamp/www/socaialNetwork/" local="130240655360000000" remote="130240655360000000" Dst="2" />
<file name="404.html" server="C:/wamp/www/socaialNetwork/" local="130238372000000000" remote="130238372000000000" Dst="2" />
<file name="500.html" server="C:/wamp/www/socaialNetwork/" local="130238371860000000" remote="130238371860000000" Dst="2" />
<file name="blank.html" server="C:/wamp/www/socaialNetwork/" local="130240656920000000" remote="130240656920000000" Dst="2" />
<file name="buttons.html" server="C:/wamp/www/socaialNetwork/" local="130240656920000000" remote="130240656920000000" Dst="2" />
<file name="calendar.html" server="C:/wamp/www/socaialNetwork/" local="130240656920000000" remote="130240656920000000" Dst="2" />
<file name="charts.html" server="C:/wamp/www/socaialNetwork/" local="130266035790000000" remote="130266035790000000" Dst="2" />
<file name="dynamic_table.html" server="C:/wamp/www/socaialNetwork/" local="130246691600000000" remote="130246691600000000" Dst="2" />
<file name="font_awesome.html" server="C:/wamp/www/socaialNetwork/" local="130240656920000000" remote="130240656920000000" Dst="2" />
<file name="form_component.html" server="C:/wamp/www/socaialNetwork/" local="130244021460000000" remote="130244021460000000" Dst="2" />
<file name="form_validation.html" server="C:/wamp/www/socaialNetwork/" local="130266901410000000" remote="130266901410000000" Dst="2" />
<file name="form_wizard.html" server="C:/wamp/www/socaialNetwork/" local="130244135160000000" remote="130244135160000000" Dst="2" />
<file name="general.html" server="C:/wamp/www/socaialNetwork/" local="130240656920000000" remote="130240656920000000" Dst="2" />
<file name="grids.html" server="C:/wamp/www/socaialNetwork/" local="130240656920000000" remote="130240656920000000" Dst="2" />
<file name="inbox.html" server="C:/wamp/www/socaialNetwork/" local="130246697800000000" remote="130246697800000000" Dst="2" />
<file name="index2.html" server="C:/wamp/www/socaialNetwork/" local="130270225812821327" remote="130270225810000000" Dst="2" />
<file name="invoice.html" server="C:/wamp/www/socaialNetwork/" local="130490458852184654" remote="130490458850000000" Dst="2" />
<file name="profile-activity.html" server="C:/wamp/www/socaialNetwork/" local="130266042530000000" remote="130266042530000000" Dst="2" />
<file name="profile-edit.html" server="C:/wamp/www/socaialNetwork/" local="130246154960000000" remote="130246154960000000" Dst="2" />
<file name="profile.html" server="C:/wamp/www/socaialNetwork/" local="130490458869645652" remote="130490458860000000" Dst="2" />
<file name="slider.html" server="C:/wamp/www/socaialNetwork/" local="130240653080000000" remote="130240653080000000" Dst="2" />
<file name="active.php" server="C:/wamp/www/socaialNetwork/" local="130484625981769210" remote="130484625980000000" Dst="2" />
<file name="forgetPass.php" server="C:/wamp/www/socaialNetwork/" local="130486985967103979" remote="130486985960000000" Dst="2" />
<file name="index.php" server="C:/wamp/www/socaialNetwork/" local="130505832191962269" remote="130505832190000000" Dst="2" />
<file name="checkmail.php" server="C:/wamp/www/socaialNetwork/" local="130514854558431558" remote="130514854550000000" Dst="2" />
<file name="login.php" server="C:/wamp/www/socaialNetwork/" local="130490470152180976" remote="130490470150000000" Dst="2" />
<file name="sendsms.php" server="C:/wamp/www/socaialNetwork/" local="130502560017009712" remote="130502560010000000" Dst="2" />
</dwsync>