<?xml version="1.0" encoding="utf-8" ?>
<dwsync>
<file name="glyphicons-halflings-regular.eot" server="C:/wamp/www/socaialNetwork/" local="130268943357846614" remote="130268943350000000" Dst="2" />
<file name="glyphicons-halflings-regular.woff" server="C:/wamp/www/socaialNetwork/" local="130268943379727865" remote="130268943370000000" Dst="2" />
<file name="glyphicons-halflings-regular.ttf" server="C:/wamp/www/socaialNetwork/" local="130268943385518197" remote="130268943380000000" Dst="2" />
<file name="Descr.WD3" server="C:/wamp/www/socaialNetwork/" local="130268943385528197" remote="130268943380000000" Dst="2" />
<file name="glyphicons-halflings-regular.eot@" server="C:/wamp/www/socaialNetwork/" local="130268943358276638" remote="130268943350000000" Dst="2" />
<file name="glyphicons-halflings-regular.svg" server="C:/wamp/www/socaialNetwork/" local="130268943383148061" remote="130268943380000000" Dst="2" />
<file name="glyphicons-halflings-regulard41d.eot" server="C:/wamp/www/socaialNetwork/" local="130213829000000000" remote="130213829000000000" Dst="2" />
<file name="1.ttf" server="C:/wamp/www/socaialNetwork/" local="126549551860000000" remote="126549551860000000" Dst="2" />
<file name="2.ttf" server="C:/wamp/www/socaialNetwork/" local="126369349020000000" remote="126369349020000000" Dst="2" />
<file name="3.ttf" server="C:/wamp/www/socaialNetwork/" local="126481295220000000" remote="126481295220000000" Dst="2" />
<file name="4.ttf" server="C:/wamp/www/socaialNetwork/" local="126317090900000000" remote="126317090900000000" Dst="2" />
<file name="glyphicons-halflings-regular.eot" server="D:/xampp/htdocs/socialnetwork/" local="130268979357846614" remote="130268979350000000" Dst="0" />
<file name="glyphicons-halflings-regular.woff" server="D:/xampp/htdocs/socialnetwork/" local="130268979379727865" remote="130268979370000000" Dst="0" />
<file name="glyphicons-halflings-regular.ttf" server="D:/xampp/htdocs/socialnetwork/" local="130268979385518197" remote="130268979380000000" Dst="0" />
</dwsync>